ano (uid);ano (nome);local (uid);local (nome);categoria (uid);categoria (nome);estatistica (uid);estatistica (nome);grupoetario (uid);grupoetario (nome);escolaridade (uid);escolaridade (nome);conjugal (uid);conjugal (nome);prenatal (uid);prenatal (nome);consultas (uid);consultas (nome);gravidez (uid);gravidez (nome);gestacao (uid);gestacao (nome);parto (uid);parto (nome);lococor (uid);lococor (nome);assistido (uid);assistido (nome);apgar1 (uid);apgar1 (nome);apgar5 (uid);apgar5 (nome);robson (uid);robson (nome);peso (uid);peso (nome);racacor (uid);racacor (nome);sexo (uid);sexo (nome);anomalia (uid);anomalia (nome);funcao (uid);funcao (nome);Kotelchuck (uid);Kotelchuck (nome);abrangencia (uid);abrangencia (nome);localidade (uid);localidade (nome);Janeiro;Fevereiro;Março;Abril;Maio;Junho;Julho;Agosto;Setembro;Outubro;Novembro;Dezembro;Ano
2016;2016;1;Nascidos vivos por residência;1;Notificação de nascidos;1;Número de nascidos;6000;Todos;0;Todos;0;Todos;0;Todos;0;Todos;0;Todos;0;Todos;0;Todos;0;Todos;0;Todos;0;Todos;0;Todos;0;Todos;0;Todos;0;Todos;0;Todos;0;Todos;0;Todos;0;Todos;1;País;76;Brasil;246.388;241.133;267.249;256.752;262.413;246.322;241.194;232.083;226.505;217.018;204.074;216.669;2.857.800
2016;2016;1;Nascidos vivos por residência;1;Notificação de nascidos;1;Número de nascidos;6000;Todos;0;Todos;0;Todos;0;Todos;0;Todos;0;Todos;0;Todos;0;Todos;0;Todos;0;Todos;0;Todos;0;Todos;0;Todos;0;Todos;0;Todos;0;Todos;0;Todos;0;Todos;0;Todos;2;Região;1;Norte;26.181;24.748;26.099;25.884;26.006;25.271;25.392;26.020;26.387;25.841;24.627;25.070;307.526
2016;2016;1;Nascidos vivos por residência;1;Notificação de nascidos;1;Número de nascidos;6000;Todos;0;Todos;0;Todos;0;Todos;0;Todos;0;Todos;0;Todos;0;Todos;0;Todos;0;Todos;0;Todos;0;Todos;0;Todos;0;Todos;0;Todos;0;Todos;0;Todos;0;Todos;0;Todos;3;Unidade da federação;11;Rondônia;2.186;2.156;2.325;2.348;2.332;2.263;2.178;2.115;2.333;2.184;2.042;2.140;26.602
2016;2016;1;Nascidos vivos por residência;1;Notificação de nascidos;1;Número de nascidos;6000;Todos;0;Todos;0;Todos;0;Todos;0;Todos;0;Todos;0;Todos;0;Todos;0;Todos;0;Todos;0;Todos;0;Todos;0;Todos;0;Todos;0;Todos;0;Todos;0;Todos;0;Todos;0;Todos;3;Unidade da federação;12;Acre;1.394;1.369;1.336;1.383;1.338;1.273;1.288;1.297;1.370;1.292;1.197;1.236;15.773
2016;2016;1;Nascidos vivos por residência;1;Notificação de nascidos;1;Número de nascidos;6000;Todos;0;Todos;0;Todos;0;Todos;0;Todos;0;Todos;0;Todos;0;Todos;0;Todos;0;Todos;0;Todos;0;Todos;0;Todos;0;Todos;0;Todos;0;Todos;0;Todos;0;Todos;0;Todos;3;Unidade da federação;13;Amazonas;6.767;6.245;6.523;6.237;6.308;6.064;6.311;6.572;6.508;6.404;6.319;6.445;76.703
2016;2016;1;Nascidos vivos por residência;1;Notificação de nascidos;1;Número de nascidos;6000;Todos;0;Todos;0;Todos;0;Todos;0;Todos;0;Todos;0;Todos;0;Todos;0;Todos;0;Todos;0;Todos;0;Todos;0;Todos;0;Todos;0;Todos;0;Todos;0;Todos;0;Todos;0;Todos;3;Unidade da federação;14;Roraima;1.012;933;957;850;914;837;863;988;1.015;1.051;966;990;11.376
2016;2016;1;Nascidos vivos por residência;1;Notificação de nascidos;1;Número de nascidos;6000;Todos;0;Todos;0;Todos;0;Todos;0;Todos;0;Todos;0;Todos;0;Todos;0;Todos;0;Todos;0;Todos;0;Todos;0;Todos;0;Todos;0;Todos;0;Todos;0;Todos;0;Todos;0;Todos;3;Unidade da federação;15;Pará;11.628;10.910;11.515;11.681;11.708;11.454;11.401;11.725;11.815;11.614;11.003;11.227;137.681
2016;2016;1;Nascidos vivos por residência;1;Notificação de nascidos;1;Número de nascidos;6000;Todos;0;Todos;0;Todos;0;Todos;0;Todos;0;Todos;0;Todos;0;Todos;0;Todos;0;Todos;0;Todos;0;Todos;0;Todos;0;Todos;0;Todos;0;Todos;0;Todos;0;Todos;0;Todos;3;Unidade da federação;16;Amapá;1.306;1.222;1.319;1.221;1.217;1.308;1.344;1.322;1.382;1.321;1.291;1.268;15.521
2016;2016;1;Nascidos vivos por residência;1;Notificação de nascidos;1;Número de nascidos;6000;Todos;0;Todos;0;Todos;0;Todos;0;Todos;0;Todos;0;Todos;0;Todos;0;Todos;0;Todos;0;Todos;0;Todos;0;Todos;0;Todos;0;Todos;0;Todos;0;Todos;0;Todos;0;Todos;3;Unidade da federação;17;Tocantins;1.888;1.913;2.124;2.164;2.189;2.072;2.007;2.001;1.964;1.975;1.809;1.764;23.870
2016;2016;1;Nascidos vivos por residência;1;Notificação de nascidos;1;Número de nascidos;6000;Todos;0;Todos;0;Todos;0;Todos;0;Todos;0;Todos;0;Todos;0;Todos;0;Todos;0;Todos;0;Todos;0;Todos;0;Todos;0;Todos;0;Todos;0;Todos;0;Todos;0;Todos;0;Todos;2;Região;2;Nordeste;65.592;64.163;73.660;71.977;75.256;70.774;70.421;65.710;63.320;60.926;56.182;58.138;796.119
2016;2016;1;Nascidos vivos por residência;1;Notificação de nascidos;1;Número de nascidos;6000;Todos;0;Todos;0;Todos;0;Todos;0;Todos;0;Todos;0;Todos;0;Todos;0;Todos;0;Todos;0;Todos;0;Todos;0;Todos;0;Todos;0;Todos;0;Todos;0;Todos;0;Todos;0;Todos;3;Unidade da federação;21;Maranhão;9.239;8.564;9.494;9.646;9.950;9.460;9.632;9.557;9.557;9.119;8.158;8.117;110.493
2016;2016;1;Nascidos vivos por residência;1;Notificação de nascidos;1;Número de nascidos;6000;Todos;0;Todos;0;Todos;0;Todos;0;Todos;0;Todos;0;Todos;0;Todos;0;Todos;0;Todos;0;Todos;0;Todos;0;Todos;0;Todos;0;Todos;0;Todos;0;Todos;0;Todos;0;Todos;3;Unidade da federação;22;Piauí;3.865;3.789;4.189;4.155;4.311;4.075;4.009;3.833;3.899;3.771;3.541;3.549;46.986
2016;2016;1;Nascidos vivos por residência;1;Notificação de nascidos;1;Número de nascidos;6000;Todos;0;Todos;0;Todos;0;Todos;0;Todos;0;Todos;0;Todos;0;Todos;0;Todos;0;Todos;0;Todos;0;Todos;0;Todos;0;Todos;0;Todos;0;Todos;0;Todos;0;Todos;0;Todos;3;Unidade da federação;23;Ceará;10.518;9.946;11.308;11.387;11.404;11.208;11.174;10.494;9.966;10.004;9.153;9.684;126.246
2016;2016;1;Nascidos vivos por residência;1;Notificação de nascidos;1;Número de nascidos;6000;Todos;0;Todos;0;Todos;0;Todos;0;Todos;0;Todos;0;Todos;0;Todos;0;Todos;0;Todos;0;Todos;0;Todos;0;Todos;0;Todos;0;Todos;0;Todos;0;Todos;0;Todos;0;Todos;3;Unidade da federação;24;Rio Grande do Norte;3.816;3.708;4.247;4.157;4.352;3.984;3.990;3.783;3.632;3.381;3.120;3.196;45.366
2016;2016;1;Nascidos vivos por residência;1;Notificação de nascidos;1;Número de nascidos;6000;Todos;0;Todos;0;Todos;0;Todos;0;Todos;0;Todos;0;Todos;0;Todos;0;Todos;0;Todos;0;Todos;0;Todos;0;Todos;0;Todos;0;Todos;0;Todos;0;Todos;0;Todos;0;Todos;3;Unidade da federação;25;Paraíba;4.672;4.628;5.425;5.206;5.357;4.885;5.100;4.661;4.355;4.203;3.706;3.885;56.083
2016;2016;1;Nascidos vivos por residência;1;Notificação de nascidos;1;Número de nascidos;6000;Todos;0;Todos;0;Todos;0;Todos;0;Todos;0;Todos;0;Todos;0;Todos;0;Todos;0;Todos;0;Todos;0;Todos;0;Todos;0;Todos;0;Todos;0;Todos;0;Todos;0;Todos;0;Todos;3;Unidade da federação;26;Pernambuco;10.945;11.027;12.791;12.206;12.892;11.931;11.860;10.510;9.781;9.127;8.587;9.076;130.733
2016;2016;1;Nascidos vivos por residência;1;Notificação de nascidos;1;Número de nascidos;6000;Todos;0;Todos;0;Todos;0;Todos;0;Todos;0;Todos;0;Todos;0;Todos;0;Todos;0;Todos;0;Todos;0;Todos;0;Todos;0;Todos;0;Todos;0;Todos;0;Todos;0;Todos;0;Todos;3;Unidade da federação;27;Alagoas;3.875;3.898;4.380;4.240;4.636;4.274;4.351;3.912;3.788;3.751;3.459;3.600;48.164
2016;2016;1;Nascidos vivos por residência;1;Notificação de nascidos;1;Número de nascidos;6000;Todos;0;Todos;0;Todos;0;Todos;0;Todos;0;Todos;0;Todos;0;Todos;0;Todos;0;Todos;0;Todos;0;Todos;0;Todos;0;Todos;0;Todos;0;Todos;0;Todos;0;Todos;0;Todos;3;Unidade da federação;28;Sergipe;2.603;2.521;3.083;3.058;3.188;2.976;2.850;2.601;2.376;2.399;2.269;2.294;32.218
2016;2016;1;Nascidos vivos por residência;1;Notificação de nascidos;1;Número de nascidos;6000;Todos;0;Todos;0;Todos;0;Todos;0;Todos;0;Todos;0;Todos;0;Todos;0;Todos;0;Todos;0;Todos;0;Todos;0;Todos;0;Todos;0;Todos;0;Todos;0;Todos;0;Todos;0;Todos;3;Unidade da federação;29;Bahia;16.059;16.082;18.743;17.922;19.166;17.981;17.455;16.359;15.966;15.171;14.189;14.737;199.830
2016;2016;1;Nascidos vivos por residência;1;Notificação de nascidos;1;Número de nascidos;6000;Todos;0;Todos;0;Todos;0;Todos;0;Todos;0;Todos;0;Todos;0;Todos;0;Todos;0;Todos;0;Todos;0;Todos;0;Todos;0;Todos;0;Todos;0;Todos;0;Todos;0;Todos;0;Todos;2;Região;3;Sudeste;99.579;98.122;108.641;103.121;104.504;97.024;93.212;89.345;87.071;83.239;78.502;85.139;1.127.499
2016;2016;1;Nascidos vivos por residência;1;Notificação de nascidos;1;Número de nascidos;6000;Todos;0;Todos;0;Todos;0;Todos;0;Todos;0;Todos;0;Todos;0;Todos;0;Todos;0;Todos;0;Todos;0;Todos;0;Todos;0;Todos;0;Todos;0;Todos;0;Todos;0;Todos;0;Todos;3;Unidade da federação;31;Minas Gerais;21.951;22.369;24.662;23.368;23.532;21.563;20.883;19.981;19.972;18.988;17.542;18.709;253.520
2016;2016;1;Nascidos vivos por residência;1;Notificação de nascidos;1;Número de nascidos;6000;Todos;0;Todos;0;Todos;0;Todos;0;Todos;0;Todos;0;Todos;0;Todos;0;Todos;0;Todos;0;Todos;0;Todos;0;Todos;0;Todos;0;Todos;0;Todos;0;Todos;0;Todos;0;Todos;3;Unidade da federação;32;Espírito Santo;4.769;4.650;4.973;4.895;5.235;4.618;4.595;4.360;3.834;3.896;3.647;3.941;53.413
2016;2016;1;Nascidos vivos por residência;1;Notificação de nascidos;1;Número de nascidos;6000;Todos;0;Todos;0;Todos;0;Todos;0;Todos;0;Todos;0;Todos;0;Todos;0;Todos;0;Todos;0;Todos;0;Todos;0;Todos;0;Todos;0;Todos;0;Todos;0;Todos;0;Todos;0;Todos;3;Unidade da federação;33;Rio de Janeiro;19.805;19.361;21.240;20.088;20.316;18.955;18.214;17.284;16.368;15.902;15.145;16.451;219.129
2016;2016;1;Nascidos vivos por residência;1;Notificação de nascidos;1;Número de nascidos;6000;Todos;0;Todos;0;Todos;0;Todos;0;Todos;0;Todos;0;Todos;0;Todos;0;Todos;0;Todos;0;Todos;0;Todos;0;Todos;0;Todos;0;Todos;0;Todos;0;Todos;0;Todos;0;Todos;3;Unidade da federação;35;São Paulo;53.054;51.742;57.766;54.770;55.421;51.888;49.520;47.720;46.897;44.453;42.168;46.038;601.437
2016;2016;1;Nascidos vivos por residência;1;Notificação de nascidos;1;Número de nascidos;6000;Todos;0;Todos;0;Todos;0;Todos;0;Todos;0;Todos;0;Todos;0;Todos;0;Todos;0;Todos;0;Todos;0;Todos;0;Todos;0;Todos;0;Todos;0;Todos;0;Todos;0;Todos;0;Todos;2;Região;4;Sul;34.998;34.237;36.545;34.517;35.048;33.244;32.820;32.266;31.069;28.927;27.795;30.324;391.790
2016;2016;1;Nascidos vivos por residência;1;Notificação de nascidos;1;Número de nascidos;6000;Todos;0;Todos;0;Todos;0;Todos;0;Todos;0;Todos;0;Todos;0;Todos;0;Todos;0;Todos;0;Todos;0;Todos;0;Todos;0;Todos;0;Todos;0;Todos;0;Todos;0;Todos;0;Todos;3;Unidade da federação;41;Paraná;13.894;13.559;14.403;13.878;14.003;12.993;12.667;12.646;12.489;11.473;11.026;12.035;155.066
2016;2016;1;Nascidos vivos por residência;1;Notificação de nascidos;1;Número de nascidos;6000;Todos;0;Todos;0;Todos;0;Todos;0;Todos;0;Todos;0;Todos;0;Todos;0;Todos;0;Todos;0;Todos;0;Todos;0;Todos;0;Todos;0;Todos;0;Todos;0;Todos;0;Todos;0;Todos;3;Unidade da federação;42;Santa Catarina;8.381;8.307;8.846;8.493;8.614;8.106;8.186;7.818;7.530;7.025;6.790;7.217;95.313
2016;2016;1;Nascidos vivos por residência;1;Notificação de nascidos;1;Número de nascidos;6000;Todos;0;Todos;0;Todos;0;Todos;0;Todos;0;Todos;0;Todos;0;Todos;0;Todos;0;Todos;0;Todos;0;Todos;0;Todos;0;Todos;0;Todos;0;Todos;0;Todos;0;Todos;0;Todos;3;Unidade da federação;43;Rio Grande do Sul;12.723;12.371;13.296;12.146;12.431;12.145;11.967;11.802;11.050;10.429;9.979;11.072;141.411
2016;2016;1;Nascidos vivos por residência;1;Notificação de nascidos;1;Número de nascidos;6000;Todos;0;Todos;0;Todos;0;Todos;0;Todos;0;Todos;0;Todos;0;Todos;0;Todos;0;Todos;0;Todos;0;Todos;0;Todos;0;Todos;0;Todos;0;Todos;0;Todos;0;Todos;0;Todos;2;Região;5;Centro-Oeste;20.038;19.863;22.304;21.253;21.599;20.009;19.349;18.742;18.658;18.085;16.968;17.998;234.866
2016;2016;1;Nascidos vivos por residência;1;Notificação de nascidos;1;Número de nascidos;6000;Todos;0;Todos;0;Todos;0;Todos;0;Todos;0;Todos;0;Todos;0;Todos;0;Todos;0;Todos;0;Todos;0;Todos;0;Todos;0;Todos;0;Todos;0;Todos;0;Todos;0;Todos;0;Todos;3;Unidade da federação;50;Mato Grosso do Sul;3.586;3.640;4.061;3.931;4.027;3.656;3.356;3.376;3.403;3.097;2.994;3.305;42.432
2016;2016;1;Nascidos vivos por residência;1;Notificação de nascidos;1;Número de nascidos;6000;Todos;0;Todos;0;Todos;0;Todos;0;Todos;0;Todos;0;Todos;0;Todos;0;Todos;0;Todos;0;Todos;0;Todos;0;Todos;0;Todos;0;Todos;0;Todos;0;Todos;0;Todos;0;Todos;3;Unidade da federação;51;Mato Grosso;4.644;4.340;5.203;5.063;4.893;4.495;4.382;4.278;4.101;4.066;3.905;4.161;53.531
2016;2016;1;Nascidos vivos por residência;1;Notificação de nascidos;1;Número de nascidos;6000;Todos;0;Todos;0;Todos;0;Todos;0;Todos;0;Todos;0;Todos;0;Todos;0;Todos;0;Todos;0;Todos;0;Todos;0;Todos;0;Todos;0;Todos;0;Todos;0;Todos;0;Todos;0;Todos;3;Unidade da federação;52;Goiás;7.991;8.102;9.084;8.516;8.801;8.151;7.925;7.588;7.660;7.625;6.920;7.200;95.563
2016;2016;1;Nascidos vivos por residência;1;Notificação de nascidos;1;Número de nascidos;6000;Todos;0;Todos;0;Todos;0;Todos;0;Todos;0;Todos;0;Todos;0;Todos;0;Todos;0;Todos;0;Todos;0;Todos;0;Todos;0;Todos;0;Todos;0;Todos;0;Todos;0;Todos;0;Todos;3;Unidade da federação;53;Distrito Federal;3.817;3.781;3.956;3.743;3.878;3.707;3.686;3.500;3.494;3.297;3.149;3.332;43.340
2017;2017;1;Nascidos vivos por residência;1;Notificação de nascidos;1;Número de nascidos;6000;Todos;0;Todos;0;Todos;0;Todos;0;Todos;0;Todos;0;Todos;0;Todos;0;Todos;0;Todos;0;Todos;0;Todos;0;Todos;0;Todos;0;Todos;0;Todos;0;Todos;0;Todos;0;Todos;1;País;76;Brasil;226.414;223.515;266.965;252.941;269.777;254.808;249.008;244.608;237.644;233.926;229.578;234.351;2.923.535
2017;2017;1;Nascidos vivos por residência;1;Notificação de nascidos;1;Número de nascidos;6000;Todos;0;Todos;0;Todos;0;Todos;0;Todos;0;Todos;0;Todos;0;Todos;0;Todos;0;Todos;0;Todos;0;Todos;0;Todos;0;Todos;0;Todos;0;Todos;0;Todos;0;Todos;0;Todos;2;Região;1;Norte;24.935;22.704;26.744;25.773;27.287;26.228;26.026;26.526;27.061;27.188;26.237;25.973;312.682
2017;2017;1;Nascidos vivos por residência;1;Notificação de nascidos;1;Número de nascidos;6000;Todos;0;Todos;0;Todos;0;Todos;0;Todos;0;Todos;0;Todos;0;Todos;0;Todos;0;Todos;0;Todos;0;Todos;0;Todos;0;Todos;0;Todos;0;Todos;0;Todos;0;Todos;0;Todos;3;Unidade da federação;11;Rondônia;2.095;2.035;2.416;2.339;2.462;2.422;2.257;2.299;2.256;2.359;2.324;2.239;27.503
2017;2017;1;Nascidos vivos por residência;1;Notificação de nascidos;1;Número de nascidos;6000;Todos;0;Todos;0;Todos;0;Todos;0;Todos;0;Todos;0;Todos;0;Todos;0;Todos;0;Todos;0;Todos;0;Todos;0;Todos;0;Todos;0;Todos;0;Todos;0;Todos;0;Todos;0;Todos;3;Unidade da federação;12;Acre;1.323;1.232;1.487;1.383;1.494;1.341;1.398;1.319;1.372;1.381;1.328;1.300;16.358
2017;2017;1;Nascidos vivos por residência;1;Notificação de nascidos;1;Número de nascidos;6000;Todos;0;Todos;0;Todos;0;Todos;0;Todos;0;Todos;0;Todos;0;Todos;0;Todos;0;Todos;0;Todos;0;Todos;0;Todos;0;Todos;0;Todos;0;Todos;0;Todos;0;Todos;0;Todos;3;Unidade da federação;13;Amazonas;6.447;5.901;6.554;6.360;6.737;6.474;6.377;6.489;6.778;6.902;6.525;6.522;78.066
2017;2017;1;Nascidos vivos por residência;1;Notificação de nascidos;1;Número de nascidos;6000;Todos;0;Todos;0;Todos;0;Todos;0;Todos;0;Todos;0;Todos;0;Todos;0;Todos;0;Todos;0;Todos;0;Todos;0;Todos;0;Todos;0;Todos;0;Todos;0;Todos;0;Todos;0;Todos;3;Unidade da federação;14;Roraima;989;921;1.011;931;917;956;874;1.016;1.050;1.005;1.039;1.028;11.737
2017;2017;1;Nascidos vivos por residência;1;Notificação de nascidos;1;Número de nascidos;6000;Todos;0;Todos;0;Todos;0;Todos;0;Todos;0;Todos;0;Todos;0;Todos;0;Todos;0;Todos;0;Todos;0;Todos;0;Todos;0;Todos;0;Todos;0;Todos;0;Todos;0;Todos;0;Todos;3;Unidade da federação;15;Pará;11.059;9.736;11.784;11.328;12.095;11.660;11.688;11.967;12.106;12.029;11.662;11.570;138.684
2017;2017;1;Nascidos vivos por residência;1;Notificação de nascidos;1;Número de nascidos;6000;Todos;0;Todos;0;Todos;0;Todos;0;Todos;0;Todos;0;Todos;0;Todos;0;Todos;0;Todos;0;Todos;0;Todos;0;Todos;0;Todos;0;Todos;0;Todos;0;Todos;0;Todos;0;Todos;3;Unidade da federação;16;Amapá;1.245;1.043;1.280;1.197;1.353;1.231;1.319;1.286;1.398;1.347;1.384;1.316;15.399
2017;2017;1;Nascidos vivos por residência;1;Notificação de nascidos;1;Número de nascidos;6000;Todos;0;Todos;0;Todos;0;Todos;0;Todos;0;Todos;0;Todos;0;Todos;0;Todos;0;Todos;0;Todos;0;Todos;0;Todos;0;Todos;0;Todos;0;Todos;0;Todos;0;Todos;0;Todos;3;Unidade da federação;17;Tocantins;1.777;1.836;2.212;2.235;2.229;2.144;2.113;2.150;2.101;2.165;1.975;1.998;24.935
2017;2017;1;Nascidos vivos por residência;1;Notificação de nascidos;1;Número de nascidos;6000;Todos;0;Todos;0;Todos;0;Todos;0;Todos;0;Todos;0;Todos;0;Todos;0;Todos;0;Todos;0;Todos;0;Todos;0;Todos;0;Todos;0;Todos;0;Todos;0;Todos;0;Todos;0;Todos;2;Região;2;Nordeste;61.486;59.122;71.268;70.075;75.982;71.779;70.050;69.717;67.615;68.375;65.814;66.028;817.311
2017;2017;1;Nascidos vivos por residência;1;Notificação de nascidos;1;Número de nascidos;6000;Todos;0;Todos;0;Todos;0;Todos;0;Todos;0;Todos;0;Todos;0;Todos;0;Todos;0;Todos;0;Todos;0;Todos;0;Todos;0;Todos;0;Todos;0;Todos;0;Todos;0;Todos;0;Todos;3;Unidade da federação;21;Maranhão;8.313;7.538;9.192;9.690;10.176;9.581;9.758;9.936;10.006;10.052;9.354;9.389;112.985
2017;2017;1;Nascidos vivos por residência;1;Notificação de nascidos;1;Número de nascidos;6000;Todos;0;Todos;0;Todos;0;Todos;0;Todos;0;Todos;0;Todos;0;Todos;0;Todos;0;Todos;0;Todos;0;Todos;0;Todos;0;Todos;0;Todos;0;Todos;0;Todos;0;Todos;0;Todos;3;Unidade da federação;22;Piauí;3.723;3.430;4.119;4.164;4.571;4.192;4.019;4.014;4.118;4.199;4.019;3.983;48.551
2017;2017;1;Nascidos vivos por residência;1;Notificação de nascidos;1;Número de nascidos;6000;Todos;0;Todos;0;Todos;0;Todos;0;Todos;0;Todos;0;Todos;0;Todos;0;Todos;0;Todos;0;Todos;0;Todos;0;Todos;0;Todos;0;Todos;0;Todos;0;Todos;0;Todos;0;Todos;3;Unidade da federação;23;Ceará;9.807;9.131;10.681;10.818;11.704;11.193;11.225;11.020;10.797;10.570;10.398;10.453;127.797
2017;2017;1;Nascidos vivos por residência;1;Notificação de nascidos;1;Número de nascidos;6000;Todos;0;Todos;0;Todos;0;Todos;0;Todos;0;Todos;0;Todos;0;Todos;0;Todos;0;Todos;0;Todos;0;Todos;0;Todos;0;Todos;0;Todos;0;Todos;0;Todos;0;Todos;0;Todos;3;Unidade da federação;24;Rio Grande do Norte;3.295;3.288;4.186;4.026;4.430;4.157;3.953;4.044;3.876;3.779;3.516;3.672;46.222
2017;2017;1;Nascidos vivos por residência;1;Notificação de nascidos;1;Número de nascidos;6000;Todos;0;Todos;0;Todos;0;Todos;0;Todos;0;Todos;0;Todos;0;Todos;0;Todos;0;Todos;0;Todos;0;Todos;0;Todos;0;Todos;0;Todos;0;Todos;0;Todos;0;Todos;0;Todos;3;Unidade da federação;25;Paraíba;4.153;3.944;4.929;4.841;5.365;5.091;4.918;5.117;4.979;4.961;4.510;4.685;57.493
2017;2017;1;Nascidos vivos por residência;1;Notificação de nascidos;1;Número de nascidos;6000;Todos;0;Todos;0;Todos;0;Todos;0;Todos;0;Todos;0;Todos;0;Todos;0;Todos;0;Todos;0;Todos;0;Todos;0;Todos;0;Todos;0;Todos;0;Todos;0;Todos;0;Todos;0;Todos;3;Unidade da federação;26;Pernambuco;10.013;9.835;12.148;11.521;12.715;12.124;11.856;11.846;11.073;11.212;10.830;10.759;135.932
2017;2017;1;Nascidos vivos por residência;1;Notificação de nascidos;1;Número de nascidos;6000;Todos;0;Todos;0;Todos;0;Todos;0;Todos;0;Todos;0;Todos;0;Todos;0;Todos;0;Todos;0;Todos;0;Todos;0;Todos;0;Todos;0;Todos;0;Todos;0;Todos;0;Todos;0;Todos;3;Unidade da federação;27;Alagoas;3.709;3.637;4.447;4.261;4.740;4.489;4.291;4.270;4.073;4.310;4.128;4.013;50.368
2017;2017;1;Nascidos vivos por residência;1;Notificação de nascidos;1;Número de nascidos;6000;Todos;0;Todos;0;Todos;0;Todos;0;Todos;0;Todos;0;Todos;0;Todos;0;Todos;0;Todos;0;Todos;0;Todos;0;Todos;0;Todos;0;Todos;0;Todos;0;Todos;0;Todos;0;Todos;3;Unidade da federação;28;Sergipe;2.524;2.524;3.011;2.918;3.309;2.903;2.906;2.790;2.678;2.840;2.676;2.788;33.867
2017;2017;1;Nascidos vivos por residência;1;Notificação de nascidos;1;Número de nascidos;6000;Todos;0;Todos;0;Todos;0;Todos;0;Todos;0;Todos;0;Todos;0;Todos;0;Todos;0;Todos;0;Todos;0;Todos;0;Todos;0;Todos;0;Todos;0;Todos;0;Todos;0;Todos;0;Todos;3;Unidade da federação;29;Bahia;15.949;15.795;18.555;17.836;18.972;18.049;17.124;16.680;16.015;16.452;16.383;16.286;204.096
2017;2017;1;Nascidos vivos por residência;1;Notificação de nascidos;1;Número de nascidos;6000;Todos;0;Todos;0;Todos;0;Todos;0;Todos;0;Todos;0;Todos;0;Todos;0;Todos;0;Todos;0;Todos;0;Todos;0;Todos;0;Todos;0;Todos;0;Todos;0;Todos;0;Todos;0;Todos;2;Região;3;Sudeste;89.513;91.151;108.061;101.052;107.297;100.740;98.242;94.783;91.626;88.715;88.805;91.847;1.151.832
2017;2017;1;Nascidos vivos por residência;1;Notificação de nascidos;1;Número de nascidos;6000;Todos;0;Todos;0;Todos;0;Todos;0;Todos;0;Todos;0;Todos;0;Todos;0;Todos;0;Todos;0;Todos;0;Todos;0;Todos;0;Todos;0;Todos;0;Todos;0;Todos;0;Todos;0;Todos;3;Unidade da federação;31;Minas Gerais;20.291;20.287;24.138;22.729;23.875;22.742;22.111;21.362;21.046;20.521;20.760;21.097;260.959
2017;2017;1;Nascidos vivos por residência;1;Notificação de nascidos;1;Número de nascidos;6000;Todos;0;Todos;0;Todos;0;Todos;0;Todos;0;Todos;0;Todos;0;Todos;0;Todos;0;Todos;0;Todos;0;Todos;0;Todos;0;Todos;0;Todos;0;Todos;0;Todos;0;Todos;0;Todos;3;Unidade da federação;32;Espírito Santo;4.148;4.389;5.204;4.893;5.255;4.600;4.986;4.710;4.506;4.451;4.283;4.421;55.846
2017;2017;1;Nascidos vivos por residência;1;Notificação de nascidos;1;Número de nascidos;6000;Todos;0;Todos;0;Todos;0;Todos;0;Todos;0;Todos;0;Todos;0;Todos;0;Todos;0;Todos;0;Todos;0;Todos;0;Todos;0;Todos;0;Todos;0;Todos;0;Todos;0;Todos;0;Todos;3;Unidade da federação;33;Rio de Janeiro;17.236;17.444;21.036;19.714;21.063;19.752;19.303;18.605;17.236;16.624;17.208;18.003;223.224
2017;2017;1;Nascidos vivos por residência;1;Notificação de nascidos;1;Número de nascidos;6000;Todos;0;Todos;0;Todos;0;Todos;0;Todos;0;Todos;0;Todos;0;Todos;0;Todos;0;Todos;0;Todos;0;Todos;0;Todos;0;Todos;0;Todos;0;Todos;0;Todos;0;Todos;0;Todos;3;Unidade da federação;35;São Paulo;47.838;49.031;57.683;53.716;57.104;53.646;51.842;50.106;48.838;47.119;46.554;48.326;611.803
2017;2017;1;Nascidos vivos por residência;1;Notificação de nascidos;1;Número de nascidos;6000;Todos;0;Todos;0;Todos;0;Todos;0;Todos;0;Todos;0;Todos;0;Todos;0;Todos;0;Todos;0;Todos;0;Todos;0;Todos;0;Todos;0;Todos;0;Todos;0;Todos;0;Todos;0;Todos;2;Região;4;Sul;31.561;31.881;38.296;34.947;36.999;35.028;33.898;33.116;31.422;29.867;29.375;31.214;397.604
2017;2017;1;Nascidos vivos por residência;1;Notificação de nascidos;1;Número de nascidos;6000;Todos;0;Todos;0;Todos;0;Todos;0;Todos;0;Todos;0;Todos;0;Todos;0;Todos;0;Todos;0;Todos;0;Todos;0;Todos;0;Todos;0;Todos;0;Todos;0;Todos;0;Todos;0;Todos;3;Unidade da federação;41;Paraná;12.588;12.447;15.033;13.848;14.794;14.042;13.418;13.103;12.518;11.838;11.873;12.199;157.701
2017;2017;1;Nascidos vivos por residência;1;Notificação de nascidos;1;Número de nascidos;6000;Todos;0;Todos;0;Todos;0;Todos;0;Todos;0;Todos;0;Todos;0;Todos;0;Todos;0;Todos;0;Todos;0;Todos;0;Todos;0;Todos;0;Todos;0;Todos;0;Todos;0;Todos;0;Todos;3;Unidade da federação;42;Santa Catarina;7.471;7.884;9.412;8.748;9.237;8.626;8.405;8.347;7.839;7.435;7.137;7.794;98.335
2017;2017;1;Nascidos vivos por residência;1;Notificação de nascidos;1;Número de nascidos;6000;Todos;0;Todos;0;Todos;0;Todos;0;Todos;0;Todos;0;Todos;0;Todos;0;Todos;0;Todos;0;Todos;0;Todos;0;Todos;0;Todos;0;Todos;0;Todos;0;Todos;0;Todos;0;Todos;3;Unidade da federação;43;Rio Grande do Sul;11.502;11.550;13.851;12.351;12.968;12.360;12.075;11.666;11.065;10.594;10.365;11.221;141.568
2017;2017;1;Nascidos vivos por residência;1;Notificação de nascidos;1;Número de nascidos;6000;Todos;0;Todos;0;Todos;0;Todos;0;Todos;0;Todos;0;Todos;0;Todos;0;Todos;0;Todos;0;Todos;0;Todos;0;Todos;0;Todos;0;Todos;0;Todos;0;Todos;0;Todos;0;Todos;2;Região;5;Centro-Oeste;18.919;18.657;22.596;21.094;22.212;21.033;20.792;20.466;19.920;19.781;19.347;19.289;244.106
2017;2017;1;Nascidos vivos por residência;1;Notificação de nascidos;1;Número de nascidos;6000;Todos;0;Todos;0;Todos;0;Todos;0;Todos;0;Todos;0;Todos;0;Todos;0;Todos;0;Todos;0;Todos;0;Todos;0;Todos;0;Todos;0;Todos;0;Todos;0;Todos;0;Todos;0;Todos;3;Unidade da federação;50;Mato Grosso do Sul;3.457;3.476;4.218;3.938;4.329;3.870;3.900;3.812;3.580;3.360;3.340;3.467;44.747
2017;2017;1;Nascidos vivos por residência;1;Notificação de nascidos;1;Número de nascidos;6000;Todos;0;Todos;0;Todos;0;Todos;0;Todos;0;Todos;0;Todos;0;Todos;0;Todos;0;Todos;0;Todos;0;Todos;0;Todos;0;Todos;0;Todos;0;Todos;0;Todos;0;Todos;0;Todos;3;Unidade da federação;51;Mato Grosso;4.264;4.234;5.315;5.168;5.279;4.938;4.860;4.742;4.731;4.644;4.621;4.475;57.271
2017;2017;1;Nascidos vivos por residência;1;Notificação de nascidos;1;Número de nascidos;6000;Todos;0;Todos;0;Todos;0;Todos;0;Todos;0;Todos;0;Todos;0;Todos;0;Todos;0;Todos;0;Todos;0;Todos;0;Todos;0;Todos;0;Todos;0;Todos;0;Todos;0;Todos;0;Todos;3;Unidade da federação;52;Goiás;7.572;7.509;9.005;8.370;8.700;8.348;8.187;8.203;7.957;8.101;7.761;7.807;97.520
2017;2017;1;Nascidos vivos por residência;1;Notificação de nascidos;1;Número de nascidos;6000;Todos;0;Todos;0;Todos;0;Todos;0;Todos;0;Todos;0;Todos;0;Todos;0;Todos;0;Todos;0;Todos;0;Todos;0;Todos;0;Todos;0;Todos;0;Todos;0;Todos;0;Todos;0;Todos;3;Unidade da federação;53;Distrito Federal;3.626;3.438;4.058;3.618;3.904;3.877;3.845;3.709;3.652;3.676;3.625;3.540;44.568
2018;2018;1;Nascidos vivos por residência;1;Notificação de nascidos;1;Número de nascidos;6000;Todos;0;Todos;0;Todos;0;Todos;0;Todos;0;Todos;0;Todos;0;Todos;0;Todos;0;Todos;0;Todos;0;Todos;0;Todos;0;Todos;0;Todos;0;Todos;0;Todos;0;Todos;0;Todos;1;País;76;Brasil;248.735;230.349;264.342;262.426;268.724;245.608;246.705;243.961;237.043;237.490;228.568;230.981;2.944.932
2018;2018;1;Nascidos vivos por residência;1;Notificação de nascidos;1;Número de nascidos;6000;Todos;0;Todos;0;Todos;0;Todos;0;Todos;0;Todos;0;Todos;0;Todos;0;Todos;0;Todos;0;Todos;0;Todos;0;Todos;0;Todos;0;Todos;0;Todos;0;Todos;0;Todos;0;Todos;2;Região;1;Norte;26.064;23.095;26.333;27.040;27.421;25.427;26.846;27.380;27.750;28.339;26.907;26.626;319.228
2018;2018;1;Nascidos vivos por residência;1;Notificação de nascidos;1;Número de nascidos;6000;Todos;0;Todos;0;Todos;0;Todos;0;Todos;0;Todos;0;Todos;0;Todos;0;Todos;0;Todos;0;Todos;0;Todos;0;Todos;0;Todos;0;Todos;0;Todos;0;Todos;0;Todos;0;Todos;3;Unidade da federação;11;Rondônia;2.318;2.113;2.432;2.456;2.492;2.207;2.287;2.283;2.390;2.494;2.240;2.379;28.091
2018;2018;1;Nascidos vivos por residência;1;Notificação de nascidos;1;Número de nascidos;6000;Todos;0;Todos;0;Todos;0;Todos;0;Todos;0;Todos;0;Todos;0;Todos;0;Todos;0;Todos;0;Todos;0;Todos;0;Todos;0;Todos;0;Todos;0;Todos;0;Todos;0;Todos;0;Todos;3;Unidade da federação;12;Acre;1.289;1.217;1.425;1.554;1.483;1.342;1.352;1.504;1.347;1.436;1.299;1.295;16.543
2018;2018;1;Nascidos vivos por residência;1;Notificação de nascidos;1;Número de nascidos;6000;Todos;0;Todos;0;Todos;0;Todos;0;Todos;0;Todos;0;Todos;0;Todos;0;Todos;0;Todos;0;Todos;0;Todos;0;Todos;0;Todos;0;Todos;0;Todos;0;Todos;0;Todos;0;Todos;3;Unidade da federação;13;Amazonas;6.583;5.679;6.475;6.562;6.565;6.147;6.637;6.678;6.825;6.798;6.632;6.506;78.087
2018;2018;1;Nascidos vivos por residência;1;Notificação de nascidos;1;Número de nascidos;6000;Todos;0;Todos;0;Todos;0;Todos;0;Todos;0;Todos;0;Todos;0;Todos;0;Todos;0;Todos;0;Todos;0;Todos;0;Todos;0;Todos;0;Todos;0;Todos;0;Todos;0;Todos;0;Todos;3;Unidade da federação;14;Roraima;1.045;885;1.044;1.026;1.060;1.116;1.094;1.176;1.156;1.263;1.260;1.219;13.344
2018;2018;1;Nascidos vivos por residência;1;Notificação de nascidos;1;Número de nascidos;6000;Todos;0;Todos;0;Todos;0;Todos;0;Todos;0;Todos;0;Todos;0;Todos;0;Todos;0;Todos;0;Todos;0;Todos;0;Todos;0;Todos;0;Todos;0;Todos;0;Todos;0;Todos;0;Todos;3;Unidade da federação;15;Pará;11.545;10.217;11.492;11.788;12.201;11.321;12.073;12.180;12.419;12.713;12.061;11.809;141.819
2018;2018;1;Nascidos vivos por residência;1;Notificação de nascidos;1;Número de nascidos;6000;Todos;0;Todos;0;Todos;0;Todos;0;Todos;0;Todos;0;Todos;0;Todos;0;Todos;0;Todos;0;Todos;0;Todos;0;Todos;0;Todos;0;Todos;0;Todos;0;Todos;0;Todos;0;Todos;3;Unidade da federação;16;Amapá;1.307;1.191;1.233;1.274;1.252;1.204;1.308;1.392;1.514;1.397;1.363;1.429;15.864
2018;2018;1;Nascidos vivos por residência;1;Notificação de nascidos;1;Número de nascidos;6000;Todos;0;Todos;0;Todos;0;Todos;0;Todos;0;Todos;0;Todos;0;Todos;0;Todos;0;Todos;0;Todos;0;Todos;0;Todos;0;Todos;0;Todos;0;Todos;0;Todos;0;Todos;0;Todos;3;Unidade da federação;17;Tocantins;1.977;1.793;2.232;2.380;2.368;2.090;2.095;2.167;2.099;2.238;2.052;1.989;25.480
2018;2018;1;Nascidos vivos por residência;1;Notificação de nascidos;1;Número de nascidos;6000;Todos;0;Todos;0;Todos;0;Todos;0;Todos;0;Todos;0;Todos;0;Todos;0;Todos;0;Todos;0;Todos;0;Todos;0;Todos;0;Todos;0;Todos;0;Todos;0;Todos;0;Todos;0;Todos;2;Região;2;Nordeste;67.816;63.020;74.323;74.860;77.265;71.174;70.192;69.029;67.699;69.458;65.541;66.473;836.850
2018;2018;1;Nascidos vivos por residência;1;Notificação de nascidos;1;Número de nascidos;6000;Todos;0;Todos;0;Todos;0;Todos;0;Todos;0;Todos;0;Todos;0;Todos;0;Todos;0;Todos;0;Todos;0;Todos;0;Todos;0;Todos;0;Todos;0;Todos;0;Todos;0;Todos;0;Todos;3;Unidade da federação;21;Maranhão;9.593;8.357;9.662;10.081;10.292;9.649;9.876;9.841;10.246;10.335;9.543;9.681;117.156
2018;2018;1;Nascidos vivos por residência;1;Notificação de nascidos;1;Número de nascidos;6000;Todos;0;Todos;0;Todos;0;Todos;0;Todos;0;Todos;0;Todos;0;Todos;0;Todos;0;Todos;0;Todos;0;Todos;0;Todos;0;Todos;0;Todos;0;Todos;0;Todos;0;Todos;0;Todos;3;Unidade da federação;22;Piauí;3.922;3.622;4.199;4.331;4.474;4.077;4.129;4.028;4.108;4.344;4.093;4.163;49.490
2018;2018;1;Nascidos vivos por residência;1;Notificação de nascidos;1;Número de nascidos;6000;Todos;0;Todos;0;Todos;0;Todos;0;Todos;0;Todos;0;Todos;0;Todos;0;Todos;0;Todos;0;Todos;0;Todos;0;Todos;0;Todos;0;Todos;0;Todos;0;Todos;0;Todos;0;Todos;3;Unidade da federação;23;Ceará;10.505;9.874;11.353;11.653;12.036;11.107;10.349;11.128;10.861;11.227;10.664;10.734;131.491
2018;2018;1;Nascidos vivos por residência;1;Notificação de nascidos;1;Número de nascidos;6000;Todos;0;Todos;0;Todos;0;Todos;0;Todos;0;Todos;0;Todos;0;Todos;0;Todos;0;Todos;0;Todos;0;Todos;0;Todos;0;Todos;0;Todos;0;Todos;0;Todos;0;Todos;0;Todos;3;Unidade da federação;24;Rio Grande do Norte;3.821;3.693;4.355;4.346;4.429;4.041;4.221;3.881;3.845;3.934;3.751;3.790;48.107
2018;2018;1;Nascidos vivos por residência;1;Notificação de nascidos;1;Número de nascidos;6000;Todos;0;Todos;0;Todos;0;Todos;0;Todos;0;Todos;0;Todos;0;Todos;0;Todos;0;Todos;0;Todos;0;Todos;0;Todos;0;Todos;0;Todos;0;Todos;0;Todos;0;Todos;0;Todos;3;Unidade da federação;25;Paraíba;4.849;4.465;5.373;5.332;5.605;5.101;5.070;4.999;5.034;5.027;4.704;4.646;60.205
2018;2018;1;Nascidos vivos por residência;1;Notificação de nascidos;1;Número de nascidos;6000;Todos;0;Todos;0;Todos;0;Todos;0;Todos;0;Todos;0;Todos;0;Todos;0;Todos;0;Todos;0;Todos;0;Todos;0;Todos;0;Todos;0;Todos;0;Todos;0;Todos;0;Todos;0;Todos;3;Unidade da federação;26;Pernambuco;11.174;10.594;12.469;12.539;13.009;11.910;11.736;11.332;10.748;11.365;10.643;10.798;138.317
2018;2018;1;Nascidos vivos por residência;1;Notificação de nascidos;1;Número de nascidos;6000;Todos;0;Todos;0;Todos;0;Todos;0;Todos;0;Todos;0;Todos;0;Todos;0;Todos;0;Todos;0;Todos;0;Todos;0;Todos;0;Todos;0;Todos;0;Todos;0;Todos;0;Todos;0;Todos;3;Unidade da federação;27;Alagoas;4.202;3.950;4.722;4.765;4.900;4.577;4.485;4.440;4.156;4.356;3.947;3.996;52.496
2018;2018;1;Nascidos vivos por residência;1;Notificação de nascidos;1;Número de nascidos;6000;Todos;0;Todos;0;Todos;0;Todos;0;Todos;0;Todos;0;Todos;0;Todos;0;Todos;0;Todos;0;Todos;0;Todos;0;Todos;0;Todos;0;Todos;0;Todos;0;Todos;0;Todos;0;Todos;3;Unidade da federação;28;Sergipe;2.683;2.636;3.184;3.244;3.331;2.986;2.878;2.812;2.684;2.594;2.585;2.639;34.256
2018;2018;1;Nascidos vivos por residência;1;Notificação de nascidos;1;Número de nascidos;6000;Todos;0;Todos;0;Todos;0;Todos;0;Todos;0;Todos;0;Todos;0;Todos;0;Todos;0;Todos;0;Todos;0;Todos;0;Todos;0;Todos;0;Todos;0;Todos;0;Todos;0;Todos;0;Todos;3;Unidade da federação;29;Bahia;17.067;15.829;19.006;18.569;19.189;17.726;17.448;16.568;16.017;16.276;15.611;16.026;205.332
2018;2018;1;Nascidos vivos por residência;1;Notificação de nascidos;1;Número de nascidos;6000;Todos;0;Todos;0;Todos;0;Todos;0;Todos;0;Todos;0;Todos;0;Todos;0;Todos;0;Todos;0;Todos;0;Todos;0;Todos;0;Todos;0;Todos;0;Todos;0;Todos;0;Todos;0;Todos;2;Região;3;Sudeste;99.906;93.885;105.401;103.211;106.071;96.105;95.502;93.978;90.237;88.595;86.715;87.400;1.147.006
2018;2018;1;Nascidos vivos por residência;1;Notificação de nascidos;1;Número de nascidos;6000;Todos;0;Todos;0;Todos;0;Todos;0;Todos;0;Todos;0;Todos;0;Todos;0;Todos;0;Todos;0;Todos;0;Todos;0;Todos;0;Todos;0;Todos;0;Todos;0;Todos;0;Todos;0;Todos;3;Unidade da federação;31;Minas Gerais;22.394;20.797;24.028;24.048;24.236;22.318;22.234;21.683;20.761;20.826;20.019;20.296;263.640
2018;2018;1;Nascidos vivos por residência;1;Notificação de nascidos;1;Número de nascidos;6000;Todos;0;Todos;0;Todos;0;Todos;0;Todos;0;Todos;0;Todos;0;Todos;0;Todos;0;Todos;0;Todos;0;Todos;0;Todos;0;Todos;0;Todos;0;Todos;0;Todos;0;Todos;0;Todos;3;Unidade da federação;32;Espírito Santo;4.753;4.637;5.152;5.102;5.357;4.754;4.915;4.641;4.437;4.349;4.332;4.292;56.721
2018;2018;1;Nascidos vivos por residência;1;Notificação de nascidos;1;Número de nascidos;6000;Todos;0;Todos;0;Todos;0;Todos;0;Todos;0;Todos;0;Todos;0;Todos;0;Todos;0;Todos;0;Todos;0;Todos;0;Todos;0;Todos;0;Todos;0;Todos;0;Todos;0;Todos;0;Todos;3;Unidade da federação;33;Rio de Janeiro;19.906;18.496;20.216;19.561;20.415;18.526;18.433;18.079;17.281;16.526;16.533;16.527;220.499
2018;2018;1;Nascidos vivos por residência;1;Notificação de nascidos;1;Número de nascidos;6000;Todos;0;Todos;0;Todos;0;Todos;0;Todos;0;Todos;0;Todos;0;Todos;0;Todos;0;Todos;0;Todos;0;Todos;0;Todos;0;Todos;0;Todos;0;Todos;0;Todos;0;Todos;0;Todos;3;Unidade da federação;35;São Paulo;52.853;49.955;56.005;54.500;56.063;50.507;49.920;49.575;47.758;46.894;45.831;46.285;606.146
2018;2018;1;Nascidos vivos por residência;1;Notificação de nascidos;1;Número de nascidos;6000;Todos;0;Todos;0;Todos;0;Todos;0;Todos;0;Todos;0;Todos;0;Todos;0;Todos;0;Todos;0;Todos;0;Todos;0;Todos;0;Todos;0;Todos;0;Todos;0;Todos;0;Todos;0;Todos;2;Região;4;Sul;34.686;31.444;35.915;34.903;35.790;32.563;33.431;32.944;31.467;31.167;30.308;31.239;395.857
2018;2018;1;Nascidos vivos por residência;1;Notificação de nascidos;1;Número de nascidos;6000;Todos;0;Todos;0;Todos;0;Todos;0;Todos;0;Todos;0;Todos;0;Todos;0;Todos;0;Todos;0;Todos;0;Todos;0;Todos;0;Todos;0;Todos;0;Todos;0;Todos;0;Todos;0;Todos;3;Unidade da federação;41;Paraná;13.734;12.413;14.225;13.915;14.312;12.846;13.084;13.055;12.415;12.335;11.906;11.961;156.201
2018;2018;1;Nascidos vivos por residência;1;Notificação de nascidos;1;Número de nascidos;6000;Todos;0;Todos;0;Todos;0;Todos;0;Todos;0;Todos;0;Todos;0;Todos;0;Todos;0;Todos;0;Todos;0;Todos;0;Todos;0;Todos;0;Todos;0;Todos;0;Todos;0;Todos;0;Todos;3;Unidade da federação;42;Santa Catarina;8.451;7.749;8.945;8.765;8.979;8.112;8.463;8.329;8.137;7.775;7.854;8.050;99.609
2018;2018;1;Nascidos vivos por residência;1;Notificação de nascidos;1;Número de nascidos;6000;Todos;0;Todos;0;Todos;0;Todos;0;Todos;0;Todos;0;Todos;0;Todos;0;Todos;0;Todos;0;Todos;0;Todos;0;Todos;0;Todos;0;Todos;0;Todos;0;Todos;0;Todos;0;Todos;3;Unidade da federação;43;Rio Grande do Sul;12.501;11.282;12.745;12.223;12.499;11.605;11.884;11.560;10.915;11.057;10.548;11.228;140.047
2018;2018;1;Nascidos vivos por residência;1;Notificação de nascidos;1;Número de nascidos;6000;Todos;0;Todos;0;Todos;0;Todos;0;Todos;0;Todos;0;Todos;0;Todos;0;Todos;0;Todos;0;Todos;0;Todos;0;Todos;0;Todos;0;Todos;0;Todos;0;Todos;0;Todos;0;Todos;2;Região;5;Centro-Oeste;20.263;18.905;22.370;22.412;22.177;20.339;20.734;20.630;19.890;19.931;19.097;19.243;245.991
2018;2018;1;Nascidos vivos por residência;1;Notificação de nascidos;1;Número de nascidos;6000;Todos;0;Todos;0;Todos;0;Todos;0;Todos;0;Todos;0;Todos;0;Todos;0;Todos;0;Todos;0;Todos;0;Todos;0;Todos;0;Todos;0;Todos;0;Todos;0;Todos;0;Todos;0;Todos;3;Unidade da federação;50;Mato Grosso do Sul;3.701;3.529;4.181;3.986;4.054;3.691;3.802;3.667;3.491;3.469;3.316;3.388;44.275
2018;2018;1;Nascidos vivos por residência;1;Notificação de nascidos;1;Número de nascidos;6000;Todos;0;Todos;0;Todos;0;Todos;0;Todos;0;Todos;0;Todos;0;Todos;0;Todos;0;Todos;0;Todos;0;Todos;0;Todos;0;Todos;0;Todos;0;Todos;0;Todos;0;Todos;0;Todos;3;Unidade da federação;51;Mato Grosso;4.770;4.430;5.190;5.483;5.188;4.798;4.994;4.950;4.699;4.841;4.636;4.670;58.649
2018;2018;1;Nascidos vivos por residência;1;Notificação de nascidos;1;Número de nascidos;6000;Todos;0;Todos;0;Todos;0;Todos;0;Todos;0;Todos;0;Todos;0;Todos;0;Todos;0;Todos;0;Todos;0;Todos;0;Todos;0;Todos;0;Todos;0;Todos;0;Todos;0;Todos;0;Todos;3;Unidade da federação;52;Goiás;8.123;7.554;9.010;9.034;8.980;8.160;8.140;8.342;8.114;8.014;7.667;7.734;98.872
2018;2018;1;Nascidos vivos por residência;1;Notificação de nascidos;1;Número de nascidos;6000;Todos;0;Todos;0;Todos;0;Todos;0;Todos;0;Todos;0;Todos;0;Todos;0;Todos;0;Todos;0;Todos;0;Todos;0;Todos;0;Todos;0;Todos;0;Todos;0;Todos;0;Todos;0;Todos;3;Unidade da federação;53;Distrito Federal;3.669;3.392;3.989;3.909;3.955;3.690;3.798;3.671;3.586;3.607;3.478;3.451;44.195
2019;2019*;1;Nascidos vivos por residência;1;Notificação de nascidos;1;Número de nascidos;6000;Todos;0;Todos;0;Todos;0;Todos;0;Todos;0;Todos;0;Todos;0;Todos;0;Todos;0;Todos;0;Todos;0;Todos;0;Todos;0;Todos;0;Todos;0;Todos;0;Todos;0;Todos;0;Todos;1;País;76;Brasil;245.955;232.744;257.829;250.121;256.998;236.327;240.422;233.697;233.095;225.047;214.984;221.502;2.848.721
2019;2019*;1;Nascidos vivos por residência;1;Notificação de nascidos;1;Número de nascidos;6000;Todos;0;Todos;0;Todos;0;Todos;0;Todos;0;Todos;0;Todos;0;Todos;0;Todos;0;Todos;0;Todos;0;Todos;0;Todos;0;Todos;0;Todos;0;Todos;0;Todos;0;Todos;0;Todos;2;Região;1;Norte;26.577;23.970;26.867;26.283;26.682;24.773;25.535;26.384;27.938;27.390;25.313;25.181;312.893
2019;2019*;1;Nascidos vivos por residência;1;Notificação de nascidos;1;Número de nascidos;6000;Todos;0;Todos;0;Todos;0;Todos;0;Todos;0;Todos;0;Todos;0;Todos;0;Todos;0;Todos;0;Todos;0;Todos;0;Todos;0;Todos;0;Todos;0;Todos;0;Todos;0;Todos;0;Todos;3;Unidade da federação;11;Rondônia;2.263;2.125;2.456;2.372;2.365;2.176;2.160;2.194;2.357;2.272;2.148;2.135;27.023
2019;2019*;1;Nascidos vivos por residência;1;Notificação de nascidos;1;Número de nascidos;6000;Todos;0;Todos;0;Todos;0;Todos;0;Todos;0;Todos;0;Todos;0;Todos;0;Todos;0;Todos;0;Todos;0;Todos;0;Todos;0;Todos;0;Todos;0;Todos;0;Todos;0;Todos;0;Todos;3;Unidade da federação;12;Acre;1.395;1.222;1.417;1.396;1.529;1.348;1.281;1.397;1.354;1.372;1.303;1.238;16.252
2019;2019*;1;Nascidos vivos por residência;1;Notificação de nascidos;1;Número de nascidos;6000;Todos;0;Todos;0;Todos;0;Todos;0;Todos;0;Todos;0;Todos;0;Todos;0;Todos;0;Todos;0;Todos;0;Todos;0;Todos;0;Todos;0;Todos;0;Todos;0;Todos;0;Todos;0;Todos;3;Unidade da federação;13;Amazonas;6.576;6.019;6.566;6.264;6.299;5.998;6.264;6.689;7.149;6.928;6.372;6.245;77.369
2019;2019*;1;Nascidos vivos por residência;1;Notificação de nascidos;1;Número de nascidos;6000;Todos;0;Todos;0;Todos;0;Todos;0;Todos;0;Todos;0;Todos;0;Todos;0;Todos;0;Todos;0;Todos;0;Todos;0;Todos;0;Todos;0;Todos;0;Todos;0;Todos;0;Todos;0;Todos;3;Unidade da federação;14;Roraima;1.286;1.076;1.215;1.208;1.179;1.111;1.149;1.218;1.336;1.278;1.184;1.098;14.338
2019;2019*;1;Nascidos vivos por residência;1;Notificação de nascidos;1;Número de nascidos;6000;Todos;0;Todos;0;Todos;0;Todos;0;Todos;0;Todos;0;Todos;0;Todos;0;Todos;0;Todos;0;Todos;0;Todos;0;Todos;0;Todos;0;Todos;0;Todos;0;Todos;0;Todos;0;Todos;3;Unidade da federação;15;Pará;11.734;10.493;11.811;11.612;11.875;10.921;11.305;11.463;12.275;12.214;11.152;11.292;138.147
2019;2019*;1;Nascidos vivos por residência;1;Notificação de nascidos;1;Número de nascidos;6000;Todos;0;Todos;0;Todos;0;Todos;0;Todos;0;Todos;0;Todos;0;Todos;0;Todos;0;Todos;0;Todos;0;Todos;0;Todos;0;Todos;0;Todos;0;Todos;0;Todos;0;Todos;0;Todos;3;Unidade da federação;16;Amapá;1.283;1.183;1.260;1.219;1.252;1.178;1.330;1.323;1.425;1.365;1.252;1.261;15.331
2019;2019*;1;Nascidos vivos por residência;1;Notificação de nascidos;1;Número de nascidos;6000;Todos;0;Todos;0;Todos;0;Todos;0;Todos;0;Todos;0;Todos;0;Todos;0;Todos;0;Todos;0;Todos;0;Todos;0;Todos;0;Todos;0;Todos;0;Todos;0;Todos;0;Todos;0;Todos;3;Unidade da federação;17;Tocantins;2.040;1.852;2.142;2.212;2.183;2.041;2.046;2.100;2.042;1.961;1.902;1.912;24.433
2019;2019*;1;Nascidos vivos por residência;1;Notificação de nascidos;1;Número de nascidos;6000;Todos;0;Todos;0;Todos;0;Todos;0;Todos;0;Todos;0;Todos;0;Todos;0;Todos;0;Todos;0;Todos;0;Todos;0;Todos;0;Todos;0;Todos;0;Todos;0;Todos;0;Todos;0;Todos;2;Região;2;Nordeste;68.964;64.360;72.726;70.446;72.233;67.354;68.589;65.850;66.794;65.930;61.287;61.460;805.993
2019;2019*;1;Nascidos vivos por residência;1;Notificação de nascidos;1;Número de nascidos;6000;Todos;0;Todos;0;Todos;0;Todos;0;Todos;0;Todos;0;Todos;0;Todos;0;Todos;0;Todos;0;Todos;0;Todos;0;Todos;0;Todos;0;Todos;0;Todos;0;Todos;0;Todos;0;Todos;3;Unidade da federação;21;Maranhão;9.481;8.475;9.728;9.395;9.840;9.380;9.555;9.448;9.949;9.789;9.071;9.027;113.138
2019;2019*;1;Nascidos vivos por residência;1;Notificação de nascidos;1;Número de nascidos;6000;Todos;0;Todos;0;Todos;0;Todos;0;Todos;0;Todos;0;Todos;0;Todos;0;Todos;0;Todos;0;Todos;0;Todos;0;Todos;0;Todos;0;Todos;0;Todos;0;Todos;0;Todos;0;Todos;3;Unidade da federação;22;Piauí;4.176;3.812;4.279;4.104;4.184;3.933;3.968;3.864;4.044;4.053;3.801;3.660;47.878
2019;2019*;1;Nascidos vivos por residência;1;Notificação de nascidos;1;Número de nascidos;6000;Todos;0;Todos;0;Todos;0;Todos;0;Todos;0;Todos;0;Todos;0;Todos;0;Todos;0;Todos;0;Todos;0;Todos;0;Todos;0;Todos;0;Todos;0;Todos;0;Todos;0;Todos;0;Todos;3;Unidade da federação;23;Ceará;10.959;10.290;11.307;11.417;11.437;10.591;10.919;10.535;10.556;10.713;10.053;10.400;129.177
2019;2019*;1;Nascidos vivos por residência;1;Notificação de nascidos;1;Número de nascidos;6000;Todos;0;Todos;0;Todos;0;Todos;0;Todos;0;Todos;0;Todos;0;Todos;0;Todos;0;Todos;0;Todos;0;Todos;0;Todos;0;Todos;0;Todos;0;Todos;0;Todos;0;Todos;0;Todos;3;Unidade da federação;24;Rio Grande do Norte;3.897;3.591;4.231;3.810;3.912;3.843;3.864;3.709;3.722;3.581;3.520;3.439;45.119
2019;2019*;1;Nascidos vivos por residência;1;Notificação de nascidos;1;Número de nascidos;6000;Todos;0;Todos;0;Todos;0;Todos;0;Todos;0;Todos;0;Todos;0;Todos;0;Todos;0;Todos;0;Todos;0;Todos;0;Todos;0;Todos;0;Todos;0;Todos;0;Todos;0;Todos;0;Todos;3;Unidade da federação;25;Paraíba;5.060;4.682;5.157;5.015;5.190;4.749;4.978;4.716;4.748;4.714;4.383;4.289;57.681
2019;2019*;1;Nascidos vivos por residência;1;Notificação de nascidos;1;Número de nascidos;6000;Todos;0;Todos;0;Todos;0;Todos;0;Todos;0;Todos;0;Todos;0;Todos;0;Todos;0;Todos;0;Todos;0;Todos;0;Todos;0;Todos;0;Todos;0;Todos;0;Todos;0;Todos;0;Todos;3;Unidade da federação;26;Pernambuco;11.365;10.618;12.108;11.655;12.102;11.250;11.412;10.761;10.940;10.961;10.231;9.932;133.335
2019;2019*;1;Nascidos vivos por residência;1;Notificação de nascidos;1;Número de nascidos;6000;Todos;0;Todos;0;Todos;0;Todos;0;Todos;0;Todos;0;Todos;0;Todos;0;Todos;0;Todos;0;Todos;0;Todos;0;Todos;0;Todos;0;Todos;0;Todos;0;Todos;0;Todos;0;Todos;3;Unidade da federação;27;Alagoas;4.345;3.958;4.654;4.399;4.595;4.100;4.352;4.258;4.177;3.834;3.375;3.731;49.778
2019;2019*;1;Nascidos vivos por residência;1;Notificação de nascidos;1;Número de nascidos;6000;Todos;0;Todos;0;Todos;0;Todos;0;Todos;0;Todos;0;Todos;0;Todos;0;Todos;0;Todos;0;Todos;0;Todos;0;Todos;0;Todos;0;Todos;0;Todos;0;Todos;0;Todos;0;Todos;3;Unidade da federação;28;Sergipe;2.682;2.644;3.038;2.901;2.954;2.872;2.756;2.667;2.614;2.639;2.450;2.475;32.692
2019;2019*;1;Nascidos vivos por residência;1;Notificação de nascidos;1;Número de nascidos;6000;Todos;0;Todos;0;Todos;0;Todos;0;Todos;0;Todos;0;Todos;0;Todos;0;Todos;0;Todos;0;Todos;0;Todos;0;Todos;0;Todos;0;Todos;0;Todos;0;Todos;0;Todos;0;Todos;3;Unidade da federação;29;Bahia;16.999;16.290;18.224;17.750;18.019;16.636;16.785;15.892;16.044;15.646;14.403;14.507;197.195
2019;2019*;1;Nascidos vivos por residência;1;Notificação de nascidos;1;Número de nascidos;6000;Todos;0;Todos;0;Todos;0;Todos;0;Todos;0;Todos;0;Todos;0;Todos;0;Todos;0;Todos;0;Todos;0;Todos;0;Todos;0;Todos;0;Todos;0;Todos;0;Todos;0;Todos;0;Todos;2;Região;3;Sudeste;96.493;92.805;100.941;97.945;100.835;92.261;92.908;90.106;88.162;83.931;81.348;85.184;1.102.919
2019;2019*;1;Nascidos vivos por residência;1;Notificação de nascidos;1;Número de nascidos;6000;Todos;0;Todos;0;Todos;0;Todos;0;Todos;0;Todos;0;Todos;0;Todos;0;Todos;0;Todos;0;Todos;0;Todos;0;Todos;0;Todos;0;Todos;0;Todos;0;Todos;0;Todos;0;Todos;3;Unidade da federação;31;Minas Gerais;22.277;21.749;23.503;23.301;23.428;21.469;21.673;20.806;20.477;19.789;18.941;19.466;256.879
2019;2019*;1;Nascidos vivos por residência;1;Notificação de nascidos;1;Número de nascidos;6000;Todos;0;Todos;0;Todos;0;Todos;0;Todos;0;Todos;0;Todos;0;Todos;0;Todos;0;Todos;0;Todos;0;Todos;0;Todos;0;Todos;0;Todos;0;Todos;0;Todos;0;Todos;0;Todos;3;Unidade da federação;32;Espírito Santo;4.752;4.539;4.963;4.751;5.081;4.600;4.817;4.589;4.368;4.250;4.016;4.152;54.878
2019;2019*;1;Nascidos vivos por residência;1;Notificação de nascidos;1;Número de nascidos;6000;Todos;0;Todos;0;Todos;0;Todos;0;Todos;0;Todos;0;Todos;0;Todos;0;Todos;0;Todos;0;Todos;0;Todos;0;Todos;0;Todos;0;Todos;0;Todos;0;Todos;0;Todos;0;Todos;3;Unidade da federação;33;Rio de Janeiro;18.311;17.528;19.172;18.079;18.795;17.379;17.560;17.232;16.890;15.983;15.119;15.946;207.994
2019;2019*;1;Nascidos vivos por residência;1;Notificação de nascidos;1;Número de nascidos;6000;Todos;0;Todos;0;Todos;0;Todos;0;Todos;0;Todos;0;Todos;0;Todos;0;Todos;0;Todos;0;Todos;0;Todos;0;Todos;0;Todos;0;Todos;0;Todos;0;Todos;0;Todos;0;Todos;3;Unidade da federação;35;São Paulo;51.153;48.989;53.303;51.814;53.531;48.813;48.858;47.479;46.427;43.909;43.272;45.620;583.168
2019;2019*;1;Nascidos vivos por residência;1;Notificação de nascidos;1;Número de nascidos;6000;Todos;0;Todos;0;Todos;0;Todos;0;Todos;0;Todos;0;Todos;0;Todos;0;Todos;0;Todos;0;Todos;0;Todos;0;Todos;0;Todos;0;Todos;0;Todos;0;Todos;0;Todos;0;Todos;2;Região;4;Sul;32.995;31.809;35.010;34.001;35.660;32.180;33.383;31.806;30.843;28.619;28.705;30.945;385.956
2019;2019*;1;Nascidos vivos por residência;1;Notificação de nascidos;1;Número de nascidos;6000;Todos;0;Todos;0;Todos;0;Todos;0;Todos;0;Todos;0;Todos;0;Todos;0;Todos;0;Todos;0;Todos;0;Todos;0;Todos;0;Todos;0;Todos;0;Todos;0;Todos;0;Todos;0;Todos;3;Unidade da federação;41;Paraná;13.133;12.825;13.843;13.498;14.097;12.722;13.222;12.632;12.353;11.377;11.571;12.184;153.457
2019;2019*;1;Nascidos vivos por residência;1;Notificação de nascidos;1;Número de nascidos;6000;Todos;0;Todos;0;Todos;0;Todos;0;Todos;0;Todos;0;Todos;0;Todos;0;Todos;0;Todos;0;Todos;0;Todos;0;Todos;0;Todos;0;Todos;0;Todos;0;Todos;0;Todos;0;Todos;3;Unidade da federação;42;Santa Catarina;8.343;7.963;8.873;8.659;9.138;8.203;8.608;8.074;7.860;7.212;7.156;7.902;97.991
2019;2019*;1;Nascidos vivos por residência;1;Notificação de nascidos;1;Número de nascidos;6000;Todos;0;Todos;0;Todos;0;Todos;0;Todos;0;Todos;0;Todos;0;Todos;0;Todos;0;Todos;0;Todos;0;Todos;0;Todos;0;Todos;0;Todos;0;Todos;0;Todos;0;Todos;0;Todos;3;Unidade da federação;43;Rio Grande do Sul;11.519;11.021;12.294;11.844;12.425;11.255;11.553;11.100;10.630;10.030;9.978;10.859;134.508
2019;2019*;1;Nascidos vivos por residência;1;Notificação de nascidos;1;Número de nascidos;6000;Todos;0;Todos;0;Todos;0;Todos;0;Todos;0;Todos;0;Todos;0;Todos;0;Todos;0;Todos;0;Todos;0;Todos;0;Todos;0;Todos;0;Todos;0;Todos;0;Todos;0;Todos;0;Todos;2;Região;5;Centro-Oeste;20.926;19.800;22.285;21.446;21.588;19.759;20.007;19.551;19.358;19.177;18.331;18.732;240.960
2019;2019*;1;Nascidos vivos por residência;1;Notificação de nascidos;1;Número de nascidos;6000;Todos;0;Todos;0;Todos;0;Todos;0;Todos;0;Todos;0;Todos;0;Todos;0;Todos;0;Todos;0;Todos;0;Todos;0;Todos;0;Todos;0;Todos;0;Todos;0;Todos;0;Todos;0;Todos;3;Unidade da federação;50;Mato Grosso do Sul;3.694;3.679;4.069;3.998;3.956;3.637;3.581;3.529;3.507;3.257;3.260;3.497;43.664
2019;2019*;1;Nascidos vivos por residência;1;Notificação de nascidos;1;Número de nascidos;6000;Todos;0;Todos;0;Todos;0;Todos;0;Todos;0;Todos;0;Todos;0;Todos;0;Todos;0;Todos;0;Todos;0;Todos;0;Todos;0;Todos;0;Todos;0;Todos;0;Todos;0;Todos;0;Todos;3;Unidade da federação;51;Mato Grosso;4.986;4.657;5.660;5.300;5.285;4.786;4.791;4.734;4.667;4.820;4.584;4.541;58.811
2019;2019*;1;Nascidos vivos por residência;1;Notificação de nascidos;1;Número de nascidos;6000;Todos;0;Todos;0;Todos;0;Todos;0;Todos;0;Todos;0;Todos;0;Todos;0;Todos;0;Todos;0;Todos;0;Todos;0;Todos;0;Todos;0;Todos;0;Todos;0;Todos;0;Todos;0;Todos;3;Unidade da federação;52;Goiás;8.525;8.036;8.715;8.355;8.618;7.817;8.059;7.795;7.707;7.677;7.250;7.483;96.037
2019;2019*;1;Nascidos vivos por residência;1;Notificação de nascidos;1;Número de nascidos;6000;Todos;0;Todos;0;Todos;0;Todos;0;Todos;0;Todos;0;Todos;0;Todos;0;Todos;0;Todos;0;Todos;0;Todos;0;Todos;0;Todos;0;Todos;0;Todos;0;Todos;0;Todos;0;Todos;3;Unidade da federação;53;Distrito Federal;3.721;3.428;3.841;3.793;3.729;3.519;3.576;3.493;3.477;3.423;3.237;3.211;42.448
2020;2020*;1;Nascidos vivos por residência;1;Notificação de nascidos;1;Número de nascidos;6000;Todos;0;Todos;0;Todos;0;Todos;0;Todos;0;Todos;0;Todos;0;Todos;0;Todos;0;Todos;0;Todos;0;Todos;0;Todos;0;Todos;0;Todos;0;Todos;0;Todos;0;Todos;0;Todos;1;País;76;Brasil;229.797;218.930;245.793;239.668;240.420;219.483;210.416;118.108;292;0;0;0;1.722.907
2020;2020*;1;Nascidos vivos por residência;1;Notificação de nascidos;1;Número de nascidos;6000;Todos;0;Todos;0;Todos;0;Todos;0;Todos;0;Todos;0;Todos;0;Todos;0;Todos;0;Todos;0;Todos;0;Todos;0;Todos;0;Todos;0;Todos;0;Todos;0;Todos;0;Todos;0;Todos;2;Região;1;Norte;25.085;23.377;25.190;24.722;24.810;23.504;23.696;13.920;23;0;0;0;184.327
2020;2020*;1;Nascidos vivos por residência;1;Notificação de nascidos;1;Número de nascidos;6000;Todos;0;Todos;0;Todos;0;Todos;0;Todos;0;Todos;0;Todos;0;Todos;0;Todos;0;Todos;0;Todos;0;Todos;0;Todos;0;Todos;0;Todos;0;Todos;0;Todos;0;Todos;0;Todos;3;Unidade da federação;11;Rondônia;2.188;2.018;2.160;2.288;2.305;2.065;2.020;1.136;0;0;0;0;16.180
2020;2020*;1;Nascidos vivos por residência;1;Notificação de nascidos;1;Número de nascidos;6000;Todos;0;Todos;0;Todos;0;Todos;0;Todos;0;Todos;0;Todos;0;Todos;0;Todos;0;Todos;0;Todos;0;Todos;0;Todos;0;Todos;0;Todos;0;Todos;0;Todos;0;Todos;0;Todos;3;Unidade da federação;12;Acre;1.223;1.146;1.251;1.244;1.256;1.128;1.217;690;0;0;0;0;9.155
2020;2020*;1;Nascidos vivos por residência;1;Notificação de nascidos;1;Número de nascidos;6000;Todos;0;Todos;0;Todos;0;Todos;0;Todos;0;Todos;0;Todos;0;Todos;0;Todos;0;Todos;0;Todos;0;Todos;0;Todos;0;Todos;0;Todos;0;Todos;0;Todos;0;Todos;0;Todos;3;Unidade da federação;13;Amazonas;6.354;6.114;6.417;5.837;6.001;5.658;6.039;2.834;13;0;0;0;45.267
2020;2020*;1;Nascidos vivos por residência;1;Notificação de nascidos;1;Número de nascidos;6000;Todos;0;Todos;0;Todos;0;Todos;0;Todos;0;Todos;0;Todos;0;Todos;0;Todos;0;Todos;0;Todos;0;Todos;0;Todos;0;Todos;0;Todos;0;Todos;0;Todos;0;Todos;0;Todos;3;Unidade da federação;14;Roraima;1.170;1.112;1.215;1.040;1.091;1.000;1.004;753;0;0;0;0;8.385
2020;2020*;1;Nascidos vivos por residência;1;Notificação de nascidos;1;Número de nascidos;6000;Todos;0;Todos;0;Todos;0;Todos;0;Todos;0;Todos;0;Todos;0;Todos;0;Todos;0;Todos;0;Todos;0;Todos;0;Todos;0;Todos;0;Todos;0;Todos;0;Todos;0;Todos;0;Todos;3;Unidade da federação;15;Pará;11.068;10.013;10.938;10.945;10.847;10.420;10.643;7.363;9;0;0;0;82.246
2020;2020*;1;Nascidos vivos por residência;1;Notificação de nascidos;1;Número de nascidos;6000;Todos;0;Todos;0;Todos;0;Todos;0;Todos;0;Todos;0;Todos;0;Todos;0;Todos;0;Todos;0;Todos;0;Todos;0;Todos;0;Todos;0;Todos;0;Todos;0;Todos;0;Todos;0;Todos;3;Unidade da federação;16;Amapá;1.247;1.199;1.182;1.152;1.181;1.148;1.047;516;0;0;0;0;8.672
2020;2020*;1;Nascidos vivos por residência;1;Notificação de nascidos;1;Número de nascidos;6000;Todos;0;Todos;0;Todos;0;Todos;0;Todos;0;Todos;0;Todos;0;Todos;0;Todos;0;Todos;0;Todos;0;Todos;0;Todos;0;Todos;0;Todos;0;Todos;0;Todos;0;Todos;0;Todos;3;Unidade da federação;17;Tocantins;1.835;1.775;2.027;2.216;2.129;2.085;1.726;628;1;0;0;0;14.422
2020;2020*;1;Nascidos vivos por residência;1;Notificação de nascidos;1;Número de nascidos;6000;Todos;0;Todos;0;Todos;0;Todos;0;Todos;0;Todos;0;Todos;0;Todos;0;Todos;0;Todos;0;Todos;0;Todos;0;Todos;0;Todos;0;Todos;0;Todos;0;Todos;0;Todos;0;Todos;2;Região;2;Nordeste;62.622;59.465;68.652;66.808;68.855;62.321;60.004;36.224;157;0;0;0;485.108
2020;2020*;1;Nascidos vivos por residência;1;Notificação de nascidos;1;Número de nascidos;6000;Todos;0;Todos;0;Todos;0;Todos;0;Todos;0;Todos;0;Todos;0;Todos;0;Todos;0;Todos;0;Todos;0;Todos;0;Todos;0;Todos;0;Todos;0;Todos;0;Todos;0;Todos;0;Todos;3;Unidade da federação;21;Maranhão;8.695;7.824;8.820;8.535;8.987;8.379;8.222;5.031;17;0;0;0;64.510
2020;2020*;1;Nascidos vivos por residência;1;Notificação de nascidos;1;Número de nascidos;6000;Todos;0;Todos;0;Todos;0;Todos;0;Todos;0;Todos;0;Todos;0;Todos;0;Todos;0;Todos;0;Todos;0;Todos;0;Todos;0;Todos;0;Todos;0;Todos;0;Todos;0;Todos;0;Todos;3;Unidade da federação;22;Piauí;3.728;3.469;3.836;3.811;4.052;3.361;3.263;2.063;2;0;0;0;27.585
2020;2020*;1;Nascidos vivos por residência;1;Notificação de nascidos;1;Número de nascidos;6000;Todos;0;Todos;0;Todos;0;Todos;0;Todos;0;Todos;0;Todos;0;Todos;0;Todos;0;Todos;0;Todos;0;Todos;0;Todos;0;Todos;0;Todos;0;Todos;0;Todos;0;Todos;0;Todos;3;Unidade da federação;23;Ceará;10.382;9.634;10.869;10.561;10.808;9.822;9.146;5.149;7;0;0;0;76.378
2020;2020*;1;Nascidos vivos por residência;1;Notificação de nascidos;1;Número de nascidos;6000;Todos;0;Todos;0;Todos;0;Todos;0;Todos;0;Todos;0;Todos;0;Todos;0;Todos;0;Todos;0;Todos;0;Todos;0;Todos;0;Todos;0;Todos;0;Todos;0;Todos;0;Todos;0;Todos;3;Unidade da federação;24;Rio Grande do Norte;3.480;3.372;3.884;3.859;3.680;3.575;3.535;1.538;0;0;0;0;26.923
2020;2020*;1;Nascidos vivos por residência;1;Notificação de nascidos;1;Número de nascidos;6000;Todos;0;Todos;0;Todos;0;Todos;0;Todos;0;Todos;0;Todos;0;Todos;0;Todos;0;Todos;0;Todos;0;Todos;0;Todos;0;Todos;0;Todos;0;Todos;0;Todos;0;Todos;0;Todos;3;Unidade da federação;25;Paraíba;4.369;4.350;5.030;4.978;5.060;4.793;4.544;2.774;43;0;0;0;35.941
2020;2020*;1;Nascidos vivos por residência;1;Notificação de nascidos;1;Número de nascidos;6000;Todos;0;Todos;0;Todos;0;Todos;0;Todos;0;Todos;0;Todos;0;Todos;0;Todos;0;Todos;0;Todos;0;Todos;0;Todos;0;Todos;0;Todos;0;Todos;0;Todos;0;Todos;0;Todos;3;Unidade da federação;26;Pernambuco;10.396;9.953;11.517;11.418;11.941;11.064;10.824;7.077;2;0;0;0;84.192
2020;2020*;1;Nascidos vivos por residência;1;Notificação de nascidos;1;Número de nascidos;6000;Todos;0;Todos;0;Todos;0;Todos;0;Todos;0;Todos;0;Todos;0;Todos;0;Todos;0;Todos;0;Todos;0;Todos;0;Todos;0;Todos;0;Todos;0;Todos;0;Todos;0;Todos;0;Todos;3;Unidade da federação;27;Alagoas;3.789;3.589;4.278;4.231;4.400;3.848;3.805;2.291;9;0;0;0;30.240
2020;2020*;1;Nascidos vivos por residência;1;Notificação de nascidos;1;Número de nascidos;6000;Todos;0;Todos;0;Todos;0;Todos;0;Todos;0;Todos;0;Todos;0;Todos;0;Todos;0;Todos;0;Todos;0;Todos;0;Todos;0;Todos;0;Todos;0;Todos;0;Todos;0;Todos;0;Todos;3;Unidade da federação;28;Sergipe;2.510;2.461;3.058;2.946;3.000;2.748;2.779;1.351;1;0;0;0;20.854
2020;2020*;1;Nascidos vivos por residência;1;Notificação de nascidos;1;Número de nascidos;6000;Todos;0;Todos;0;Todos;0;Todos;0;Todos;0;Todos;0;Todos;0;Todos;0;Todos;0;Todos;0;Todos;0;Todos;0;Todos;0;Todos;0;Todos;0;Todos;0;Todos;0;Todos;0;Todos;3;Unidade da federação;29;Bahia;15.273;14.813;17.360;16.469;16.927;14.731;13.886;8.950;76;0;0;0;118.485
2020;2020*;1;Nascidos vivos por residência;1;Notificação de nascidos;1;Número de nascidos;6000;Todos;0;Todos;0;Todos;0;Todos;0;Todos;0;Todos;0;Todos;0;Todos;0;Todos;0;Todos;0;Todos;0;Todos;0;Todos;0;Todos;0;Todos;0;Todos;0;Todos;0;Todos;0;Todos;2;Região;3;Sudeste;89.800;86.495;96.944;94.616;93.303;84.898;79.568;40.037;16;0;0;0;665.677
2020;2020*;1;Nascidos vivos por residência;1;Notificação de nascidos;1;Número de nascidos;6000;Todos;0;Todos;0;Todos;0;Todos;0;Todos;0;Todos;0;Todos;0;Todos;0;Todos;0;Todos;0;Todos;0;Todos;0;Todos;0;Todos;0;Todos;0;Todos;0;Todos;0;Todos;0;Todos;3;Unidade da federação;31;Minas Gerais;20.419;20.125;22.822;22.601;21.770;19.605;17.241;5.760;0;0;0;0;150.343
2020;2020*;1;Nascidos vivos por residência;1;Notificação de nascidos;1;Número de nascidos;6000;Todos;0;Todos;0;Todos;0;Todos;0;Todos;0;Todos;0;Todos;0;Todos;0;Todos;0;Todos;0;Todos;0;Todos;0;Todos;0;Todos;0;Todos;0;Todos;0;Todos;0;Todos;0;Todos;3;Unidade da federação;32;Espírito Santo;4.409;4.346;4.966;4.781;4.394;3.815;3.121;484;0;0;0;0;30.316
2020;2020*;1;Nascidos vivos por residência;1;Notificação de nascidos;1;Número de nascidos;6000;Todos;0;Todos;0;Todos;0;Todos;0;Todos;0;Todos;0;Todos;0;Todos;0;Todos;0;Todos;0;Todos;0;Todos;0;Todos;0;Todos;0;Todos;0;Todos;0;Todos;0;Todos;0;Todos;3;Unidade da federação;33;Rio de Janeiro;17.192;16.253;18.151;17.861;17.829;16.021;13.942;7.761;15;0;0;0;125.025
2020;2020*;1;Nascidos vivos por residência;1;Notificação de nascidos;1;Número de nascidos;6000;Todos;0;Todos;0;Todos;0;Todos;0;Todos;0;Todos;0;Todos;0;Todos;0;Todos;0;Todos;0;Todos;0;Todos;0;Todos;0;Todos;0;Todos;0;Todos;0;Todos;0;Todos;0;Todos;3;Unidade da federação;35;São Paulo;47.780;45.771;51.005;49.373;49.310;45.457;45.264;26.032;1;0;0;0;359.993
2020;2020*;1;Nascidos vivos por residência;1;Notificação de nascidos;1;Número de nascidos;6000;Todos;0;Todos;0;Todos;0;Todos;0;Todos;0;Todos;0;Todos;0;Todos;0;Todos;0;Todos;0;Todos;0;Todos;0;Todos;0;Todos;0;Todos;0;Todos;0;Todos;0;Todos;0;Todos;2;Região;4;Sul;32.683;31.192;33.769;32.941;33.150;30.349;29.588;17.551;60;0;0;0;241.283
2020;2020*;1;Nascidos vivos por residência;1;Notificação de nascidos;1;Número de nascidos;6000;Todos;0;Todos;0;Todos;0;Todos;0;Todos;0;Todos;0;Todos;0;Todos;0;Todos;0;Todos;0;Todos;0;Todos;0;Todos;0;Todos;0;Todos;0;Todos;0;Todos;0;Todos;0;Todos;3;Unidade da federação;41;Paraná;12.667;12.227;13.260;13.076;12.939;11.642;11.669;7.079;31;0;0;0;94.590
2020;2020*;1;Nascidos vivos por residência;1;Notificação de nascidos;1;Número de nascidos;6000;Todos;0;Todos;0;Todos;0;Todos;0;Todos;0;Todos;0;Todos;0;Todos;0;Todos;0;Todos;0;Todos;0;Todos;0;Todos;0;Todos;0;Todos;0;Todos;0;Todos;0;Todos;0;Todos;3;Unidade da federação;42;Santa Catarina;8.396;7.897;8.725;8.446;8.551;7.876;7.313;4.652;27;0;0;0;61.883
2020;2020*;1;Nascidos vivos por residência;1;Notificação de nascidos;1;Número de nascidos;6000;Todos;0;Todos;0;Todos;0;Todos;0;Todos;0;Todos;0;Todos;0;Todos;0;Todos;0;Todos;0;Todos;0;Todos;0;Todos;0;Todos;0;Todos;0;Todos;0;Todos;0;Todos;0;Todos;3;Unidade da federação;43;Rio Grande do Sul;11.620;11.068;11.784;11.419;11.660;10.831;10.606;5.820;2;0;0;0;84.810
2020;2020*;1;Nascidos vivos por residência;1;Notificação de nascidos;1;Número de nascidos;6000;Todos;0;Todos;0;Todos;0;Todos;0;Todos;0;Todos;0;Todos;0;Todos;0;Todos;0;Todos;0;Todos;0;Todos;0;Todos;0;Todos;0;Todos;0;Todos;0;Todos;0;Todos;0;Todos;2;Região;5;Centro-Oeste;19.607;18.401;21.238;20.581;20.302;18.411;17.560;10.376;36;0;0;0;146.512
2020;2020*;1;Nascidos vivos por residência;1;Notificação de nascidos;1;Número de nascidos;6000;Todos;0;Todos;0;Todos;0;Todos;0;Todos;0;Todos;0;Todos;0;Todos;0;Todos;0;Todos;0;Todos;0;Todos;0;Todos;0;Todos;0;Todos;0;Todos;0;Todos;0;Todos;0;Todos;3;Unidade da federação;50;Mato Grosso do Sul;3.638;3.347;3.824;3.814;3.760;3.411;3.326;2.162;0;0;0;0;27.282
2020;2020*;1;Nascidos vivos por residência;1;Notificação de nascidos;1;Número de nascidos;6000;Todos;0;Todos;0;Todos;0;Todos;0;Todos;0;Todos;0;Todos;0;Todos;0;Todos;0;Todos;0;Todos;0;Todos;0;Todos;0;Todos;0;Todos;0;Todos;0;Todos;0;Todos;0;Todos;3;Unidade da federação;51;Mato Grosso;4.779;4.504;5.190;4.975;5.071;4.524;4.385;2.080;13;0;0;0;35.521
2020;2020*;1;Nascidos vivos por residência;1;Notificação de nascidos;1;Número de nascidos;6000;Todos;0;Todos;0;Todos;0;Todos;0;Todos;0;Todos;0;Todos;0;Todos;0;Todos;0;Todos;0;Todos;0;Todos;0;Todos;0;Todos;0;Todos;0;Todos;0;Todos;0;Todos;0;Todos;3;Unidade da federação;52;Goiás;7.844;7.376;8.528;8.353;8.128;7.468;7.379;4.810;23;0;0;0;59.909
2020;2020*;1;Nascidos vivos por residência;1;Notificação de nascidos;1;Número de nascidos;6000;Todos;0;Todos;0;Todos;0;Todos;0;Todos;0;Todos;0;Todos;0;Todos;0;Todos;0;Todos;0;Todos;0;Todos;0;Todos;0;Todos;0;Todos;0;Todos;0;Todos;0;Todos;0;Todos;3;Unidade da federação;53;Distrito Federal;3.346;3.174;3.696;3.439;3.343;3.008;2.470;1.324;0;0;0;0;23.800